1,신혜선,1980-07-05,38,2017-01-11,010-111-1111,null,1,true
2,김수찬,1982-08-02,36,2017-01-01,010-111-1111,null,2,true
3,박진우,1986-11-15,32,2017-02-15,010-111-1111,null,3,false
4,최재웅,1981-12-03,37,2017-02-25,010-111-1111,null,4,true
5,예수정,1990-03-05,28,2017-03-11,010-111-1111,null,5,true
6,박경완,1976-08-02,42,2017-04-01,010-111-1111,null,6,true
7,장성범,1977-11-15,41,2017-05-15,010-111-1111,null,7,false
8,영일재,1979-12-03,39,2017-06-25,010-111-1111,null,8,true
9,이호재,1990-07-05,28,2017-07-11,010-111-1111,null,9,true
10,이연재,1992-08-02,26,2017-08-01,010-111-1111,null,10,true
11,윤세아,1975-11-15,43,2017-09-15,010-111-1111,null,3,true
12,송지호,1988-12-03,30,2017-10-25,010-111-1111,null,4,true
